timestamp,open,high,low,close,volume
1781365860,64241.94,64244.67,64232.5,64232.5,6.62993
1781365920,64232.5,64280.32,64227.47,64276.78,7.18216
1781365980,64276.78,64304,64274.42,64303.99,4.73305
1781366040,64303.99,64326.63,64287.14,64291,6.55016
1781366100,64291,64312.61,64290.99,64303.4,8.03876
1781366160,64303.4,64312.61,64303.4,64312.6,6.67391
1781366220,64312.6,64313.41,64304.42,64309.22,4.22754
1781366280,64309.22,64309.22,64300.35,64309.22,2.81662
1781366340,64309.22,64317,64296.14,64296.15,12.13885
1781366400,64296.15,64307.52,64256,64256.01,7.26228
1781366460,64256.01,64269.84,64250.07,64269.83,8.68057
1781366520,64269.83,64270,64260.57,64263.36,4.51973
1781366580,64263.36,64263.37,64103.44,64115,60.79636
1781366640,64115,64124.01,64030,64062.28,80.08462
1781366700,64062.28,64070,64020.01,64036.42,32.09194
1781366760,64036.42,64064,64002.72,64020,22.12649
1781366820,64020,64069.28,64020,64065.01,6.17725
1781366880,64065.01,64135.77,64065.01,64118.51,7.75958
1781366940,64118.51,64118.52,64092,64097.57,6.83074
1781367000,64097.57,64097.58,64092.01,64092.01,3.56452
1781367060,64092.01,64109.79,64092.01,64107.33,2.17961
1781367120,64107.33,64107.66,64098.87,64107.66,1.86576
1781367180,64107.66,64107.66,64080.01,64080.02,1.47986
1781367240,64080.02,64102.28,64056.74,64097.34,54.03406
1781367300,64097.34,64097.35,64050,64050.01,9.88422
1781367360,64050.01,64065,64048.57,64062.28,2.11722
1781367420,64062.28,64070,64007.68,64043.1,24.29002
1781367480,64043.1,64064,64033.39,64064,6.16701
1781367540,64064,64090,64048,64084.61,41.79048
1781367600,64084.61,64084.62,64032,64032.59,12.361
1781367660,64032.59,64039.73,64028,64034.68,2.78297
1781367720,64034.68,64078,64034.68,64036.42,6.1832
1781367780,64036.42,64036.42,64000,64004,13.51583
1781367840,64004,64004,63979.59,63984.5,10.52109
1781367900,63984.5,64017.48,63978.79,64017.48,12.92343
1781367960,64017.48,64053.4,64017.48,64036,3.14201
1781368020,64036,64068.38,64019.2,64068.37,3.42921
1781368080,64068.37,64068.38,64042,64042,9.83751
1781368140,64042,64042.01,63982.04,63982.04,41.44505
1781368200,63982.04,64014.23,63982.04,64014.22,4.50157
1781368260,64014.22,64027.4,64014.22,64027.39,1.02167
1781368320,64027.39,64027.4,64011.78,64017.1,2.79024
1781368380,64017.1,64025.99,64005.22,64025.99,5.69278
1781368440,64025.99,64027.39,63986.4,63986.41,5.54782
1781368500,63986.41,64008,63975.6,64008,6.07283
1781368560,64008,64008,63986.39,63990.57,1.33208
1781368620,63990.57,64018,63990.57,64018,2.42713
1781368680,64018,64027.42,64017.99,64027.42,0.98648
1781368740,64027.42,64027.42,64026.48,64026.49,1.25056
1781368800,64026.49,64030.07,64026.48,64030.06,1.64874
1781368860,64030.06,64072,64030.06,64071.99,4.21007
1781368920,64071.99,64072,64067.45,64067.45,0.86819
1781368980,64067.45,64067.46,64067.45,64067.46,3.20662
1781369040,64067.46,64067.46,64046,64062.39,3.25809
1781369100,64062.39,64102,64058.73,64102,5.61974
1781369160,64102,64165.84,64102,64138,22.95735
1781369220,64138,64138.01,64020.07,64024,19.42884
1781369280,64024,64050,63998.01,64004.17,38.80633
1781369340,64004.17,64016.89,63928.02,63928.25,45.79021
1781369400,63928.25,63941.37,63920.05,63936.42,10.21801
1781369460,63936.42,63954,63932.17,63939.31,6.76773
1781369520,63939.31,63945.17,63928.01,63945.17,3.74541
1781369580,63945.17,63987.1,63945.16,63980.1,5.8445
1781369640,63980.1,64010,63980.09,64000.01,2.70643
1781369700,64000.01,64007.32,64000,64007.31,1.29539
1781369760,64007.31,64042,64007.31,64034.44,2.92738
1781369820,64034.44,64034.45,64022.31,64022.32,1.88452
1781369880,64022.32,64022.32,63988,64000.34,6.29554
1781369940,64000.34,64029.18,64000.33,64029.17,1.80223
1781370000,64029.17,64057.99,64022.31,64028,5.08245
1781370060,64028,64028,64002.42,64002.42,6.24993
1781370120,64002.42,64011.8,63992,63992.21,3.66451
1781370180,63992.21,63992.21,63980,63982.71,4.85473
1781370240,63982.71,63990.43,63962.5,63962.5,3.01284
1781370300,63962.5,63990.67,63956,63990,2.44056
1781370360,63990,64004,63990,63998.27,3.25792
1781370420,63998.27,64020.61,63998.26,64014.19,1.62839
1781370480,64014.19,64020,64014.19,64019.99,0.83346
1781370540,64019.99,64020,63988.98,63988.99,1.4807
1781370600,63988.99,63988.99,63968,63977.09,3.67492
1781370660,63977.09,63981.83,63956,63956,3.50472
1781370720,63956,63973.01,63951.59,63970.42,0.9873
1781370780,63970.42,63990,63970.4,63980.86,7.65922
1781370840,63980.86,63980.86,63958.46,63964.16,6.06473
1781370900,63964.16,63974.12,63954.01,63954.01,1.59613
1781370960,63954.01,63964.17,63944,63964.17,0.65814
1781371020,63964.17,64013.2,63964.16,64013.19,1.70584
1781371080,64013.19,64035.03,64006.78,64030.5,7.47996
1781371140,64030.5,64039.4,64030.5,64039.4,8.55071
1781371200,64039.4,64047.26,64035,64040.84,3.72954
1781371260,64040.84,64040.85,64036.93,64036.93,0.90571
1781371320,64036.93,64057.99,64036.93,64050.49,4.09907
1781371380,64050.49,64050.49,64031.78,64038.66,0.6195
1781371440,64038.66,64038.66,64031.78,64031.79,0.8641
1781371500,64031.79,64031.79,64031.78,64031.78,0.67006
1781371560,64031.78,64031.79,64031.78,64031.78,1.73528
1781371620,64031.78,64053.99,64016.33,64053.99,8.87012
1781371680,64053.99,64096.1,64053.99,64096.1,5.83824
1781371740,64096.1,64098,64076.99,64097.99,2.63821
1781371800,64097.99,64120,64082,64082,7.99256
1781371860,64082,64086.01,64069.22,64070,1.96138
1781371920,64070,64099.65,64070,64099.65,3.58745
1781371980,64099.65,64120,64099.64,64120,5.60462
1781372040,64120,64120,64095.9,64095.9,25.63166
1781372100,64095.9,64113.88,64095.9,64113.87,3.16898
1781372160,64113.87,64120,64113.87,64119.99,8.59701
1781372220,64119.99,64120,64103.04,64105,2.1487
1781372280,64105,64105,64099.42,64099.43,0.78005
1781372340,64099.43,64111.72,64089.99,64102.74,10.93926
1781372400,64102.74,64112,64102.73,64111.99,0.9619
1781372460,64111.99,64113.64,64109.31,64109.31,1.67846
1781372520,64109.31,64109.32,64102.89,64102.89,1.41285
1781372580,64102.89,64105.88,64102.89,64105.88,2.22945
1781372640,64105.88,64109.31,64103.55,64105.99,0.52252
1781372700,64105.99,64120,64105.99,64119.99,1.33434
1781372760,64119.99,64120,64105.96,64109.18,10.61587
1781372820,64109.18,64109.19,64030.25,64057.68,12.28663
1781372880,64057.68,64080,64049.32,64079.99,2.11123
1781372940,64079.99,64099.55,64054,64054.01,17.9263
1781373000,64054.01,64054.01,64000,64007.03,5.60707
1781373060,64007.03,64019.62,64002.13,64002.13,1.32497
1781373120,64002.13,64002.13,63982,63991.58,12.77671
1781373180,63991.58,64006,63991.57,64005.99,2.20259
1781373240,64005.99,64006,63974.26,63977.46,8.0971
1781373300,63977.46,63977.47,63951.21,63958.87,3.7695
1781373360,63958.87,63969.99,63948,63969.99,20.17766
1781373420,63969.99,63973.95,63969.99,63973.94,0.26709
1781373480,63973.94,63977.47,63966.7,63977.46,1.63004
1781373540,63977.46,63997.78,63971.19,63971.19,20.05551
1781373600,63971.19,63984.3,63971.19,63984.3,3.86661
1781373660,63984.3,64006,63984.29,64006,2.36571
1781373720,64006,64011.72,64006,64011.71,0.50625
1781373780,64011.71,64011.72,64004.21,64004.21,8.43698
1781373840,64004.21,64011.72,64000,64000.34,7.88545
1781373900,64000.34,64039.99,64000.34,64039.99,1.8331
1781373960,64039.99,64047.99,64039.99,64047.98,0.56049
1781374020,64047.98,64064,64047.98,64064,1.66878
1781374080,64064,64068,64061.79,64068,3.62785
1781374140,64068,64068,64067.99,64068,0.16893
1781374200,64068,64070.84,64067.99,64070.84,2.02599
1781374260,64070.84,64070.84,64050,64057.18,6.5749
1781374320,64057.18,64070.84,64057.18,64063.58,3.9501
1781374380,64063.58,64070.84,64063.57,64070.83,0.49229
1781374440,64070.83,64070.84,64050.64,64057.06,27.21165
1781374500,64057.06,64079.95,64057.06,64079.94,5.28547
1781374560,64079.94,64088,64079.94,64088,1.57627
1781374620,64088,64091.98,64075.49,64087.16,16.46115
1781374680,64087.16,64091.97,64087.16,64091.96,6.21848
1781374740,64091.96,64091.97,64047.04,64061.85,18.5635
1781374800,64061.85,64061.85,64028,64051.21,7.93337
1781374860,64051.21,64105.56,64051.2,64105.55,6.87408
1781374920,64105.55,64105.56,64105.55,64105.56,2.42261
1781374980,64105.56,64110,64105.55,64110,0.49322
1781375040,64110,64120,64109.99,64119.99,0.72649
1781375100,64119.99,64146,64119.99,64146,1.5796
1781375160,64146,64185.94,64145.99,64163.34,8.68485
1781375220,64163.34,64183.61,64162.01,64170.34,4.32539
1781375280,64170.34,64206,64170.33,64205.46,4.58474
1781375340,64205.46,64205.47,64194.05,64194.06,0.71955
1781375400,64194.06,64204.12,64194.05,64204.12,0.56674
1781375460,64204.12,64218,64198.59,64198.59,2.15664
1781375520,64198.59,64198.59,64174.39,64174.4,1.81106
1781375580,64174.4,64180.01,64174.39,64180,3.05009
1781375640,64180,64204.64,64180,64204.64,5.67696
1781375700,64204.64,64214,64201.13,64214,4.09343
1781375760,64214,64220,64213.99,64216.53,0.99661
1781375820,64216.53,64246.9,64216.53,64246.86,3.70402
1781375880,64246.86,64254,64239.5,64239.5,2.16577
1781375940,64239.5,64259.39,64239.5,64255.68,3.35815
1781376000,64255.68,64282.19,64255.68,64278.21,3.42549
1781376060,64278.21,64278.21,64266.38,64269.02,1.64002
1781376120,64269.02,64277.7,64256,64256,2.94896
1781376180,64256,64256,64246,64253.58,2.23272
1781376240,64253.58,64265.76,64253.58,64265.76,2.91156
1781376300,64265.76,64268,64256.3,64256.31,1.7447
1781376360,64256.31,64256.31,64244.74,64244.75,0.91689
1781376420,64244.75,64244.75,64236,64240.01,2.14469
1781376480,64240.01,64244.01,64214,64216.44,7.20787
1781376540,64216.44,64216.44,64104.63,64104.63,22.04392
1781376600,64104.63,64111.2,64054.48,64103.9,14.76852
1781376660,64103.9,64107.99,64100,64107.99,2.80002
1781376720,64107.99,64110,64100.76,64109.99,2.66161
1781376780,64109.99,64120,64109.99,64120,0.51428
1781376840,64120,64122.61,64107.5,64122.6,2.11059
1781376900,64122.6,64122.6,64107.02,64107.03,1.50257
1781376960,64107.03,64131.76,64107.03,64131.75,7.2695
1781377020,64131.75,64158,64131.75,64143.74,12.34995
1781377080,64143.74,64148.47,64138.62,64148.47,1.44719
1781377140,64148.47,64169.99,64148.46,64161.46,0.87717
1781377200,64161.46,64167.37,64159.08,64167.37,0.39798
1781377260,64167.37,64184,64167.37,64183.99,1.16165
1781377320,64183.99,64192,64183.99,64192,0.54112
1781377380,64192,64210.52,64186.01,64186.02,16.55709
1781377440,64186.02,64201.92,64184.19,64184.2,8.4932
1781377500,64184.2,64184.2,64152.01,64156.9,2.1002
1781377560,64156.9,64176.84,64156.9,64176.84,5.60522
1781377620,64176.84,64176.84,64152.8,64169.9,8.30845
1781377680,64169.9,64169.91,64152,64154.74,4.54073
1781377740,64154.74,64205.54,64154.73,64201.03,6.58647
1781377800,64201.03,64201.03,64184.11,64184.11,1.11378
